{
  "140k_stylegan": {
    "accuracy": 0.990358126721763,
    "precision": 0.9893068550696964,
    "recall": 0.9912943652539941,
    "f1": 0.9902996129402207,
    "auc": 0.9994991077385639
  },
  "deepfake_real": {
    "accuracy": 0.9650252573940539,
    "precision": 0.9710775710775711,
    "recall": 0.9654522613065326,
    "f1": 0.9682567458789767,
    "auc": 0.9954688439324297
  },
  "hard_fakereal": {
    "accuracy": 0.9076923076923077,
    "precision": 0.8846153846153846,
    "recall": 0.9387755102040817,
    "f1": 0.9108910891089109,
    "auc": 0.9706501157163897
  },
  "ciplab": {
    "accuracy": 0.5335570469798657,
    "precision": 0.5087719298245614,
    "recall": 0.20714285714285716,
    "f1": 0.29441624365482233,
    "auc": 0.5344032549728752
  }
}