dataset,accuracy,precision,recall,f1,auc
140k_stylegan,0.990358126721763,0.9893068550696964,0.9912943652539941,0.9902996129402207,0.9994991077385639
deepfake_real,0.9650252573940539,0.9710775710775711,0.9654522613065326,0.9682567458789767,0.9954688439324297
hard_fakereal,0.9076923076923077,0.8846153846153846,0.9387755102040817,0.9108910891089109,0.9706501157163897
ciplab,0.5335570469798657,0.5087719298245614,0.20714285714285716,0.29441624365482233,0.5344032549728752
