{
  "baseline": {
    "accuracy": 0.9733150800336984,
    "precision": 0.977331189710611,
    "recall": 0.9719013549702227,
    "f1": 0.9746087095933786,
    "auc": 0.9969825114472148
  },
  "jpeg_q70": {
    "accuracy": 0.8233361415332772,
    "precision": 0.7588482490272374,
    "recall": 0.9743794716015828,
    "f1": 0.8532129357412852,
    "auc": 0.9596800336734955
  },
  "jpeg_q50": {
    "accuracy": 0.7977253580454928,
    "precision": 0.7334403489111669,
    "recall": 0.9679043926615772,
    "f1": 0.8345165069956578,
    "auc": 0.933048239644357
  },
  "jpeg_q30": {
    "accuracy": 0.7859941027801179,
    "precision": 0.725353394406358,
    "recall": 0.955753627243295,
    "f1": 0.8247650254376132,
    "auc": 0.902952849374389
  },
  "resize_50": {
    "accuracy": 0.8538963774220725,
    "precision": 0.8906412029035603,
    "recall": 0.8238938406810824,
    "f1": 0.8559682744015116,
    "auc": 0.9358341148995317
  },
  "resize_25": {
    "accuracy": 0.7287278854254423,
    "precision": 0.7143563482253222,
    "recall": 0.808465566169711,
    "f1": 0.7585030187122661,
    "auc": 0.8039590156350057
  },
  "blur_s1": {
    "accuracy": 0.9045282224094355,
    "precision": 0.9724195184946038,
    "recall": 0.8427195331548023,
    "f1": 0.9029356973084088,
    "auc": 0.9775544300769774
  },
  "blur_s2": {
    "accuracy": 0.736541701769166,
    "precision": 0.774390243902439,
    "recall": 0.7055837563451777,
    "f1": 0.7383875352922723,
    "auc": 0.8210847187685375
  }
}